-- phpMyAdmin SQL Dump
-- version 5.0.2
-- https://www.phpmyadmin.net/
--
-- Host: 127.0.0.1:3306
-- Generation Time: Sep 22, 2022 at 12:23 PM
-- Server version: 5.7.31
-- PHP Version: 7.3.21

SET SQL_MODE = "NO_AUTO_VALUE_ON_ZERO";
START TRANSACTION;
SET time_zone = "+00:00";


/*!40101 SET @OLD_CHARACTER_SET_CLIENT=@@CHARACTER_SET_CLIENT */;
/*!40101 SET @OLD_CHARACTER_SET_RESULTS=@@CHARACTER_SET_RESULTS */;
/*!40101 SET @OLD_COLLATION_CONNECTION=@@COLLATION_CONNECTION */;
/*!40101 SET NAMES utf8mb4 */;

--
-- Database: `e-commerce`
--

-- --------------------------------------------------------

--
-- Table structure for table `cart`
--

DROP TABLE IF EXISTS `cart`;
CREATE TABLE IF NOT EXISTS `cart` (
  `id` int(11) NOT NULL AUTO_INCREMENT,
  `id_user` int(11) NOT NULL,
  `id_item` int(11) NOT NULL,
  `created_at` timestamp(6) NOT NULL,
  `updated_at` timestamp(6) NOT NULL,
  PRIMARY KEY (`id`)
) ENGINE=MyISAM AUTO_INCREMENT=161 DEFAULT CHARSET=utf8;

--
-- Dumping data for table `cart`
--

INSERT INTO `cart` (`id`, `id_user`, `id_item`, `created_at`, `updated_at`) VALUES
(129, 0, 44, '2022-06-22 16:28:22.000000', '2022-06-22 16:28:22.000000'),
(29, 28, 30, '2022-06-19 14:24:05.000000', '2022-06-19 14:24:05.000000'),
(33, 33, 28, '2022-06-19 14:52:34.000000', '2022-06-19 14:52:34.000000'),
(115, 0, 31, '2022-06-22 13:07:17.000000', '2022-06-22 13:07:17.000000'),
(139, 0, 33, '2022-06-23 15:53:43.000000', '2022-06-23 15:53:43.000000'),
(114, 0, 31, '2022-06-22 13:05:25.000000', '2022-06-22 13:05:25.000000'),
(113, 0, 28, '2022-06-22 13:05:16.000000', '2022-06-22 13:05:16.000000'),
(31, 28, 30, '2022-06-19 14:25:03.000000', '2022-06-19 14:25:03.000000'),
(111, 0, 28, '2022-06-22 10:32:13.000000', '2022-06-22 10:32:13.000000'),
(112, 0, 28, '2022-06-22 13:05:06.000000', '2022-06-22 13:05:06.000000'),
(93, 0, 28, '2022-06-20 13:01:11.000000', '2022-06-20 13:01:11.000000'),
(110, 0, 28, '2022-06-22 10:32:05.000000', '2022-06-22 10:32:05.000000'),
(127, 0, 28, '2022-06-22 15:04:30.000000', '2022-06-22 15:04:30.000000'),
(130, 0, 30, '2022-06-23 15:07:44.000000', '2022-06-23 15:07:44.000000'),
(140, 0, 33, '2022-06-23 15:53:47.000000', '2022-06-23 15:53:47.000000'),
(141, 0, 34, '2022-06-23 15:54:07.000000', '2022-06-23 15:54:07.000000'),
(146, 25, 31, '2022-06-24 10:23:54.000000', '2022-06-24 10:23:54.000000'),
(143, 0, 34, '2022-06-23 20:58:51.000000', '2022-06-23 20:58:51.000000'),
(145, 25, 28, '2022-06-24 10:23:49.000000', '2022-06-24 10:23:49.000000');

-- --------------------------------------------------------

--
-- Table structure for table `category`
--

DROP TABLE IF EXISTS `category`;
CREATE TABLE IF NOT EXISTS `category` (
  `id` int(11) NOT NULL AUTO_INCREMENT,
  `name` text NOT NULL,
  `image` text NOT NULL,
  `updated_at` timestamp NOT NULL,
  `created_at` timestamp NOT NULL,
  PRIMARY KEY (`id`)
) ENGINE=MyISAM AUTO_INCREMENT=16 DEFAULT CHARSET=utf8;

--
-- Dumping data for table `category`
--

INSERT INTO `category` (`id`, `name`, `image`, `updated_at`, `created_at`) VALUES
(15, 'fast food', '80665335.jpg', '2022-07-01 14:10:03', '2022-07-01 14:10:03'),
(14, 'pasta', '48767131.webp', '2022-07-01 14:09:53', '2022-07-01 14:09:53');

-- --------------------------------------------------------

--
-- Table structure for table `failed_jobs`
--

DROP TABLE IF EXISTS `failed_jobs`;
CREATE TABLE IF NOT EXISTS `failed_jobs` (
  `id` bigint(20) UNSIGNED NOT NULL AUTO_INCREMENT,
  `uuid` varchar(191) COLLATE utf8mb4_unicode_ci NOT NULL,
  `connection` text COLLATE utf8mb4_unicode_ci NOT NULL,
  `queue` text COLLATE utf8mb4_unicode_ci NOT NULL,
  `payload` longtext COLLATE utf8mb4_unicode_ci NOT NULL,
  `exception` longtext COLLATE utf8mb4_unicode_ci NOT NULL,
  `failed_at` timestamp NOT NULL DEFAULT CURRENT_TIMESTAMP,
  PRIMARY KEY (`id`),
  UNIQUE KEY `failed_jobs_uuid_unique` (`uuid`)
) ENGINE=MyISAM DEFAULT CHARSET=utf8mb4 COLLATE=utf8mb4_unicode_ci;

-- --------------------------------------------------------

--
-- Table structure for table `history`
--

DROP TABLE IF EXISTS `history`;
CREATE TABLE IF NOT EXISTS `history` (
  `id` int(11) NOT NULL AUTO_INCREMENT,
  `id_user` int(11) NOT NULL,
  `id_item` int(11) NOT NULL,
  `updated_at` timestamp NOT NULL,
  `created_at` timestamp NOT NULL,
  PRIMARY KEY (`id`)
) ENGINE=MyISAM AUTO_INCREMENT=49 DEFAULT CHARSET=utf8;

--
-- Dumping data for table `history`
--

INSERT INTO `history` (`id`, `id_user`, `id_item`, `updated_at`, `created_at`) VALUES
(44, 25, 30, '2022-06-23 15:14:08', '2022-06-23 15:14:08');

-- --------------------------------------------------------

--
-- Table structure for table `items`
--

DROP TABLE IF EXISTS `items`;
CREATE TABLE IF NOT EXISTS `items` (
  `id` int(11) NOT NULL AUTO_INCREMENT,
  `name_category` text NOT NULL,
  `name` text NOT NULL,
  `price` int(11) NOT NULL,
  `Description` text NOT NULL,
  `image` text NOT NULL,
  `size` text NOT NULL,
  `updated_at` timestamp NOT NULL,
  `created_at` timestamp NOT NULL,
  PRIMARY KEY (`id`)
) ENGINE=MyISAM AUTO_INCREMENT=58 DEFAULT CHARSET=utf8;

-- --------------------------------------------------------

--
-- Table structure for table `migrations`
--

DROP TABLE IF EXISTS `migrations`;
CREATE TABLE IF NOT EXISTS `migrations` (
  `id` int(10) UNSIGNED NOT NULL AUTO_INCREMENT,
  `migration` varchar(191) COLLATE utf8mb4_unicode_ci NOT NULL,
  `batch` int(11) NOT NULL,
  PRIMARY KEY (`id`)
) ENGINE=MyISAM AUTO_INCREMENT=10 DEFAULT CHARSET=utf8mb4 COLLATE=utf8mb4_unicode_ci;

--
-- Dumping data for table `migrations`
--

INSERT INTO `migrations` (`id`, `migration`, `batch`) VALUES
(1, '2014_10_12_000000_create_users_table', 1),
(2, '2014_10_12_100000_create_password_resets_table', 1),
(3, '2016_06_01_000001_create_oauth_auth_codes_table', 1),
(4, '2016_06_01_000002_create_oauth_access_tokens_table', 1),
(5, '2016_06_01_000003_create_oauth_refresh_tokens_table', 1),
(6, '2016_06_01_000004_create_oauth_clients_table', 1),
(7, '2016_06_01_000005_create_oauth_personal_access_clients_table', 1),
(8, '2019_08_19_000000_create_failed_jobs_table', 1),
(9, '2019_12_14_000001_create_personal_access_tokens_table', 1);

-- --------------------------------------------------------

--
-- Table structure for table `oauth_access_tokens`
--

DROP TABLE IF EXISTS `oauth_access_tokens`;
CREATE TABLE IF NOT EXISTS `oauth_access_tokens` (
  `id` varchar(100) COLLATE utf8mb4_unicode_ci NOT NULL,
  `user_id` bigint(20) UNSIGNED DEFAULT NULL,
  `client_id` bigint(20) UNSIGNED NOT NULL,
  `name` varchar(191) COLLATE utf8mb4_unicode_ci DEFAULT NULL,
  `scopes` text COLLATE utf8mb4_unicode_ci,
  `revoked` tinyint(1) NOT NULL,
  `created_at` timestamp NULL DEFAULT NULL,
  `updated_at` timestamp NULL DEFAULT NULL,
  `expires_at` datetime DEFAULT NULL,
  PRIMARY KEY (`id`),
  KEY `oauth_access_tokens_user_id_index` (`user_id`)
) ENGINE=MyISAM DEFAULT CHARSET=utf8mb4 COLLATE=utf8mb4_unicode_ci;

--
-- Dumping data for table `oauth_access_tokens`
--

INSERT INTO `oauth_access_tokens` (`id`, `user_id`, `client_id`, `name`, `scopes`, `revoked`, `created_at`, `updated_at`, `expires_at`) VALUES
('fe77d7d9285c97d230dbe400a374504763aad7418ef0b0826e3b8c8fbf0be19c3c90fe8c9de78fe7', 2, 5, 'MyApp', '[]', 0, '2022-03-12 05:54:48', '2022-03-12 05:54:48', '2023-03-12 08:54:48'),
('e9d5dbc2ffe6a0cf003871170358c85e2484aa10d8a76ef7c74dfa31f92d2001688f5a5bc3793634', 2, 5, 'MyApp', '[]', 0, '2022-03-12 05:57:26', '2022-03-12 05:57:26', '2023-03-12 08:57:26'),
('c358e2715efb7204895389ee7cfeb2302a8e63511076d753e5de358a5cb65f25b0c2f6a19b872765', 2, 5, 'MyApp', '[]', 0, '2022-03-13 10:48:15', '2022-03-13 10:48:15', '2023-03-13 13:48:15'),
('92799792a75f2749aefbe4d45e06e2df52bcb24c7301976d181465e8ea217e47ec419d8009e470f3', 3, 5, 'MyApp', '[]', 0, '2022-03-13 11:09:31', '2022-03-13 11:09:31', '2023-03-13 14:09:31'),
('63a8ad6ab32182aee6f8eb8955a4c950b5ca33e7694ed491051b974fd112436e19cb91bd477a1f4a', 4, 5, 'MyApp', '[]', 0, '2022-03-13 12:09:59', '2022-03-13 12:09:59', '2023-03-13 15:09:59'),
('6d9d5f3617abfc5ea1c68c1baf56eafc1c67265c215807ffa9eb94de977635f588ec066c739ef09f', 5, 5, 'MyApp', '[]', 0, '2022-03-13 12:30:30', '2022-03-13 12:30:30', '2023-03-13 15:30:30'),
('0f32532dcf31f0add4e37c118fc648c9bced3c0bf49de997324782b74bf6efa096236b0c1b5daa0c', 5, 5, 'MyApp', '[]', 0, '2022-03-13 12:31:00', '2022-03-13 12:31:00', '2023-03-13 15:31:00'),
('0d6b3673374bb378c03a9c91f48536fe0bff151d3cb65ddccef1831b62ccfdbec4602542b7191074', 5, 5, 'MyApp', '[]', 0, '2022-03-13 12:31:07', '2022-03-13 12:31:07', '2023-03-13 15:31:07'),
('3fba81f8d0a689ee849d9d49338f14b8228960353025c5cd47cdd6bb1b636c7cb0d34b490b653ae1', 5, 5, 'MyApp', '[]', 0, '2022-03-13 12:31:20', '2022-03-13 12:31:20', '2023-03-13 15:31:20'),
('e509d8d43301bee920ce72fed9c61a0c8e77162c83ad21f03b23fd588931053221a0ead6ac0f6b3d', 5, 5, 'MyApp', '[]', 0, '2022-03-13 12:35:12', '2022-03-13 12:35:12', '2023-03-13 15:35:12'),
('8d9e19676703a36cf773dd5d039cdd9326bcc2309c385da49f98b2d3d7646d00ffbb9a792d945f88', 5, 5, 'MyApp', '[]', 0, '2022-03-13 12:35:16', '2022-03-13 12:35:16', '2023-03-13 15:35:16'),
('d4d9b02609ef19eb71ee405ebf02effbc59d4fe77548b27b9e2cc6aed690a70c81a329058edac3f8', 5, 5, 'MyApp', '[]', 0, '2022-03-13 12:35:17', '2022-03-13 12:35:17', '2023-03-13 15:35:17'),
('1310d2570021294105f04d02fcdab4110e457b0275db86dd41a760e2bb6b6580c8a6d1e123f83250', 5, 5, 'MyApp', '[]', 0, '2022-03-13 12:35:18', '2022-03-13 12:35:18', '2023-03-13 15:35:18'),
('a10b68344433171972bdf65bf28c5b7f553d3cdd010cea10390214afb4ae2fe7c2a734e9427daa2d', 5, 5, 'MyApp', '[]', 0, '2022-03-13 12:35:32', '2022-03-13 12:35:32', '2023-03-13 15:35:32'),
('a2ebbdc8e69aca735652e78c697c74f2e47936fc650ac671b8f28aff1f080d1ba63a9fbc4d02b70f', 5, 5, 'MyApp', '[]', 0, '2022-03-13 12:35:33', '2022-03-13 12:35:33', '2023-03-13 15:35:33'),
('2e29ee814661ee731b01275d97abc8892724a4e61f3f08779ba00f52b38b5191f1504fe24625e726', 5, 5, 'MyApp', '[]', 0, '2022-03-13 12:35:34', '2022-03-13 12:35:34', '2023-03-13 15:35:34'),
('454a942a4acd9f6cc9f305e6436635e74078de650451cef44e0f1a4af8c0e6fa8cbd8c1a5db59759', 5, 5, 'MyApp', '[]', 0, '2022-03-13 12:35:34', '2022-03-13 12:35:34', '2023-03-13 15:35:34'),
('d33b96c14c2ca202c4b6f7713b61d42fa8870ad2812afbbaa8a9239316fd60ef7afe9a47e2748f92', 5, 5, 'MyApp', '[]', 0, '2022-03-13 12:35:34', '2022-03-13 12:35:34', '2023-03-13 15:35:34'),
('10b5cda78950d1884ec4c9a0516d2b18846b1e55be38022ccaa12720cb411ca8d78c98f5d6199024', 5, 5, 'MyApp', '[]', 0, '2022-03-13 12:35:35', '2022-03-13 12:35:35', '2023-03-13 15:35:35'),
('2eef7cf0476305fb6357d56e76bc5592e5686ef0dccc4e55f69800c1a77591763baa5d56000ccb4c', 5, 5, 'MyApp', '[]', 0, '2022-03-13 12:35:35', '2022-03-13 12:35:35', '2023-03-13 15:35:35'),
('7737dcbc607930970d02462659121069931160310c5e028ddbd1516777a22aaaf5d34b32c394608d', 5, 5, 'MyApp', '[]', 0, '2022-03-13 12:36:55', '2022-03-13 12:36:55', '2023-03-13 15:36:55'),
('22a47387669d64799f844bfc1a02239ecf3938088cb29d957c96a3727e824445e637eef23cad500c', 5, 5, 'MyApp', '[]', 0, '2022-03-13 12:36:55', '2022-03-13 12:36:55', '2023-03-13 15:36:55'),
('7aafb6735e71ab21bc3ddc9ce4d5ca0d33ff087d39e5269e010165a9b34c7d318c03117d852b6f14', 5, 5, 'MyApp', '[]', 0, '2022-03-13 12:39:26', '2022-03-13 12:39:26', '2023-03-13 15:39:26'),
('9610566321f50c8e9c6540323be4b4f5b8d1bdad8c05697bddbbb24bc0e3fa933f0e3762ef7486b6', 5, 5, 'MyApp', '[]', 0, '2022-03-13 12:42:20', '2022-03-13 12:42:20', '2023-03-13 15:42:20'),
('a0f011b1d7cd48612e8e1107ca3043d13015152c1fa46f561f0c9f24f488c77496fd607b0de67bfe', 5, 5, 'MyApp', '[]', 0, '2022-03-13 12:42:26', '2022-03-13 12:42:26', '2023-03-13 15:42:26'),
('ddc91415df627a6c0ec8291b043ef89cec1366c128ce93656f37d9efbcbeb7c613e6cdf3427262e7', 5, 5, 'MyApp', '[]', 0, '2022-03-13 12:43:04', '2022-03-13 12:43:04', '2023-03-13 15:43:04'),
('1e43186ffc5c651c29e355522d9124c521067ebfca51bfba24da2534c28d1db83aec72247b5adfaf', 5, 5, 'MyApp', '[]', 0, '2022-03-13 12:45:10', '2022-03-13 12:45:10', '2023-03-13 15:45:10'),
('5800c4119eeb26a5bf8efc2c24a317055fb4ab39b7ca9bc894c628c9ccbc7c3f49507e3b3595a7e7', 5, 5, 'MyApp', '[]', 0, '2022-03-13 12:45:29', '2022-03-13 12:45:29', '2023-03-13 15:45:29'),
('f942482a2ef9dd51a464e9ea01b591ee0dc670d9e21455470590202ea0f893b3efcc44085790b626', 5, 5, 'MyApp', '[]', 0, '2022-03-13 12:50:15', '2022-03-13 12:50:15', '2023-03-13 15:50:15'),
('9d829d04af058ffb61b1b7f6ca4d23d6159907c382661e9fe4e55b8a29d537c27c62f11bac4dc92a', 6, 5, 'MyApp', '[]', 0, '2022-03-13 13:04:30', '2022-03-13 13:04:30', '2023-03-13 16:04:30'),
('e155fc56afaf8e4647bf28a58ac6243a6cad0e8b2b54a6d9f7ebb3bd0a48e7594d50949636ab6991', 6, 5, 'MyApp', '[]', 0, '2022-03-13 13:05:24', '2022-03-13 13:05:24', '2023-03-13 16:05:24'),
('6facc606ea6adfa53d1460a1ff31a7f2cda2a81cc9c8a0712b39f8c7e5b07b5b72c8a35f24409479', 6, 5, 'MyApp', '[]', 0, '2022-03-13 13:51:15', '2022-03-13 13:51:15', '2023-03-13 16:51:15'),
('576a5a0cf09c656aedb683706da216715a9799323b3bd0af09d5bea06e8307329047f6871ebc10ff', 6, 5, 'MyApp', '[]', 0, '2022-03-13 13:52:41', '2022-03-13 13:52:41', '2023-03-13 16:52:41'),
('8cf57841c14be4d2097e57fb35180c07bf25d0fad72a81b007c3f758bdb35d4c855e17d5e4307bd2', 6, 5, 'MyApp', '[]', 0, '2022-03-13 20:12:37', '2022-03-13 20:12:37', '2023-03-13 23:12:37'),
('123ce02354b1eb046430b69b8a7c65271bf7f6ecad13779165c193cfac5c5e8d36702f2a472285d6', 6, 5, 'MyApp', '[]', 0, '2022-03-13 20:12:39', '2022-03-13 20:12:39', '2023-03-13 23:12:39'),
('2b2715599facefc0c77efca5936eb3dd2cf14e7e9134eb3cac24b5a55d9f72139d245e5b4b278468', 6, 5, 'MyApp', '[]', 0, '2022-03-13 20:12:44', '2022-03-13 20:12:44', '2023-03-13 23:12:44'),
('3b5cda036505627719fb9d022a0d789fa18543cd61731601b134bcaa00a89f7db4647a1f8ef2f6de', 6, 5, 'MyApp', '[]', 0, '2022-03-13 20:30:57', '2022-03-13 20:30:57', '2023-03-13 23:30:57'),
('03b52b3459ba40e83f838b777289db5906f8e6d492498a84c4847538c28ae4a4695ccd5bc1a2aace', 6, 5, 'MyApp', '[]', 0, '2022-03-14 06:49:50', '2022-03-14 06:49:50', '2023-03-14 09:49:50'),
('8fc6872a33e15ffadc560cac66801c3e5edbdac9ce947ddeca88371e74fee9939e7f5c0065b8d6ec', 8, 5, 'MyApp', '[]', 0, '2022-06-14 10:27:02', '2022-06-14 10:27:02', '2023-06-14 13:27:02'),
('0764186a1501ab361a906a2d4abd138600bbaadeb412fb5274f6f7cfb6f2f6a7330eb452dd8ac60e', 9, 5, 'MyApp', '[]', 0, '2022-06-14 10:28:47', '2022-06-14 10:28:47', '2023-06-14 13:28:47'),
('3d0eafbdd1a89072c67180a68273560a65df397cfbf009362884362fb7dc81e357b3ec7412d6164b', 10, 5, 'MyApp', '[]', 0, '2022-06-14 10:57:30', '2022-06-14 10:57:30', '2023-06-14 13:57:30'),
('cce4c86fc6091c42430d1c297e250fa8e67f2c3adc89e3a1078f887d7071d515f32fa54decf46cbd', 11, 5, 'MyApp', '[]', 0, '2022-06-14 11:58:25', '2022-06-14 11:58:25', '2023-06-14 14:58:25'),
('190185c52562cbf24e37287f763e1dfa7147f93aca5125e593032e78281f87831e4eae735388644f', 12, 5, 'MyApp', '[]', 0, '2022-06-14 12:01:17', '2022-06-14 12:01:17', '2023-06-14 15:01:17'),
('bd0dfbba55d575babe4e88b8281097e661c6980d7dd8e473478bce78c52cbe5c8119987cf08d2c8c', 13, 5, 'MyApp', '[]', 0, '2022-06-14 12:01:58', '2022-06-14 12:01:58', '2023-06-14 15:01:58'),
('62e49f858bdda03da3c836ddede3f1e6a1c7238cd93da37459807bad1b1f3d8e15b5080bfb627620', 14, 5, 'MyApp', '[]', 0, '2022-06-14 12:03:53', '2022-06-14 12:03:53', '2023-06-14 15:03:53'),
('671589d36c6efb32affb5622fe40e3557d15e2334cbdef92f688074392455a81c36ca610061de265', 15, 5, 'MyApp', '[]', 0, '2022-06-14 12:26:26', '2022-06-14 12:26:26', '2023-06-14 15:26:26'),
('435da619f46fb684023ab09c084fdc27bf51106e4434c4b0fb20f19cdb7434859fc3b8e31769e347', 16, 5, 'MyApp', '[]', 0, '2022-06-14 12:28:11', '2022-06-14 12:28:11', '2023-06-14 15:28:11'),
('f68ba621bf23322ee5ba4b499df836c78e136f037b805199e55d074f75bb656320b99d492c53349d', 17, 5, 'MyApp', '[]', 0, '2022-06-14 12:29:28', '2022-06-14 12:29:28', '2023-06-14 15:29:28'),
('8b4c9709e850ae303dd66ab01457a0b0ccbbaeb4a88a7bed18f072f1e8a1752718b3edab2000f805', 18, 5, 'MyApp', '[]', 0, '2022-06-14 12:36:04', '2022-06-14 12:36:04', '2023-06-14 15:36:04'),
('6490900abc27d3f94aa2b99a6b5d42ff80238aa1fa4c2417ea8fa2c3a0294b5be386372e09009cce', 19, 5, 'MyApp', '[]', 0, '2022-06-14 12:45:58', '2022-06-14 12:45:58', '2023-06-14 15:45:58'),
('4146a369f40c838d3ebecf2fdfdda07700f941e28b580dd315c03ddd7fcd1585f2a539c702afc96a', 20, 5, 'MyApp', '[]', 0, '2022-06-14 12:47:49', '2022-06-14 12:47:49', '2023-06-14 15:47:49'),
('f493c7c8ed5484863582c820c022d473ae3cc8f7e02d44083dd1db656a7ee5dd1735c8ec925768d0', 21, 5, 'MyApp', '[]', 0, '2022-06-14 17:55:35', '2022-06-14 17:55:35', '2023-06-14 20:55:35'),
('f7929a993f399472e888e26a8ae3456068b0b41002a202cba45841a159f2e4d2302f19e83c9fa8bb', 9, 5, 'MyApp', '[]', 0, '2022-06-14 18:47:23', '2022-06-14 18:47:23', '2023-06-14 21:47:23'),
('61a9a9fe10eb90d47f6a9eeb1936ed20fa9f241a6920e5ce1eed606128eca41cb0065c6515556398', 9, 5, 'MyApp', '[]', 0, '2022-06-14 19:15:03', '2022-06-14 19:15:03', '2023-06-14 22:15:03'),
('262a691cd89b0cfdf900356a842d5dc97e00f12f92aa4554c12365ccd92f3e6dd50575c46c67dbd9', 9, 5, 'MyApp', '[]', 0, '2022-06-14 19:22:47', '2022-06-14 19:22:47', '2023-06-14 22:22:47'),
('731051b0be5578008a34bf4a0b2f391deac8479263e55e857dd7a4feb133a20437c295deebf500cc', 9, 5, 'MyApp', '[]', 0, '2022-06-14 19:22:51', '2022-06-14 19:22:51', '2023-06-14 22:22:51'),
('202f187eb8d559f4aaf3c10c91baedccf2157ce6b99e623db1d2c15e5b9d89e0840d7238ec77e7e5', 9, 5, 'MyApp', '[]', 0, '2022-06-14 19:23:55', '2022-06-14 19:23:55', '2023-06-14 22:23:55'),
('e7d597d33b808cadf255b82d4a034201379ec7274ff60bf86a180fc41cf4828c50e65dd00c9e2b32', 9, 5, 'MyApp', '[]', 0, '2022-06-14 19:24:57', '2022-06-14 19:24:57', '2023-06-14 22:24:57'),
('e39fe8ea6231e13e9358a6e9be235acc101691a4faae48d5cad12df98644c06fff96fad853671c5e', 9, 5, 'MyApp', '[]', 0, '2022-06-15 08:17:35', '2022-06-15 08:17:35', '2023-06-15 11:17:35'),
('e5805504e9bfa366db7ab8a991cf64007be1bb86f680a5ebf2ff42af5a813fb8ffe8b2d0cf81000c', 9, 5, 'MyApp', '[]', 0, '2022-06-15 08:20:36', '2022-06-15 08:20:36', '2023-06-15 11:20:36'),
('3e7a1e3d3102c0137fd5f8e1677194a36444fec06653b41d8b3bcfa05c864ba1faa85067231219f2', 9, 5, 'MyApp', '[]', 0, '2022-06-15 08:32:54', '2022-06-15 08:32:54', '2023-06-15 11:32:54'),
('88bd81656f7db79a5e54fc77f7c350c7d380e46ce81f0121cbf4b8a45784c64dd2676561be390d24', 9, 5, 'MyApp', '[]', 0, '2022-06-15 08:45:01', '2022-06-15 08:45:01', '2023-06-15 11:45:01'),
('43fabf2651923ab72b207e397979bfce34f8f7d9ac89b4f9e68b813911c55fa1e15b00eebfa5b007', 9, 5, 'MyApp', '[]', 0, '2022-06-15 09:04:46', '2022-06-15 09:04:46', '2023-06-15 12:04:46'),
('7134c25df4c1e4f3266b5abe8118d8b044d71034dcce92c217d163f8391e1212b91db562649af4f1', 9, 5, 'MyApp', '[]', 0, '2022-06-15 09:05:08', '2022-06-15 09:05:08', '2023-06-15 12:05:08'),
('fb4dab8ce1e0e5bb81ccebe16bf478cca4bac49cbb37022d3d097f26e669a1a3c403f80dd3b505bc', 9, 5, 'MyApp', '[]', 0, '2022-06-15 09:05:11', '2022-06-15 09:05:11', '2023-06-15 12:05:11'),
('1e17d0a870391cbd56ffbdef5c7f25f38ddace2eb9aa30e6e9a1e5e269a23bbc04387e5def97333c', 9, 5, 'MyApp', '[]', 0, '2022-06-15 09:07:06', '2022-06-15 09:07:06', '2023-06-15 12:07:06'),
('70d683bb9031cfcd3b09be9f86a6f671cd9ca1d18414059a89e3942e0447d5d4f111bd0a52826880', 9, 5, 'MyApp', '[]', 0, '2022-06-15 11:10:18', '2022-06-15 11:10:18', '2023-06-15 14:10:18'),
('73b091f3bc9360f5aeab48c2df50460f34232406d8414e11563b18b504d713bd3733f26dcbfcd772', 9, 5, 'MyApp', '[]', 0, '2022-06-15 11:21:29', '2022-06-15 11:21:29', '2023-06-15 14:21:29'),
('7216f4ec6702c062d60ab3238baa7f5d5bb86e7d0642f779f9629a376c5e9f85b8619d56207f0b4a', 9, 5, 'MyApp', '[]', 0, '2022-06-15 11:23:49', '2022-06-15 11:23:49', '2023-06-15 14:23:49'),
('58e96226cc7e16d9c47eaf824a38658450c725cf18dc5441dbe2748e59b02d7c0e2c9cc9fe6dc20b', 9, 5, 'MyApp', '[]', 0, '2022-06-15 11:32:29', '2022-06-15 11:32:29', '2023-06-15 14:32:29'),
('d1856a26cf2874b09564d8c619f42eccf7d1e734a69d5ba61b100741212e252f8a766df62f99e158', 9, 5, 'MyApp', '[]', 0, '2022-06-15 11:37:31', '2022-06-15 11:37:31', '2023-06-15 14:37:31'),
('ee50f3d3521c018f0adcd0cab69da67bfc9e2832914549b0e7eca22ca2f0c4fbb1c2a97d7c1bb921', 9, 5, 'MyApp', '[]', 0, '2022-06-15 11:51:39', '2022-06-15 11:51:39', '2023-06-15 14:51:39'),
('4f7eda78b6924654df834d9ae89e89677be8cfa642c842fde88621345714165f6f8add382a7b0d9a', 9, 5, 'MyApp', '[]', 0, '2022-06-15 11:51:55', '2022-06-15 11:51:55', '2023-06-15 14:51:55'),
('8524ade1fcd63b2f69799b98f107434cf18f0aca0b37e73d854362bf75eddbbebea204016645eced', 22, 5, 'MyApp', '[]', 0, '2022-06-15 11:53:27', '2022-06-15 11:53:27', '2023-06-15 14:53:27'),
('47dc42893007f565d8cedd2d734114b5a048fb6a95a0e8a608c1b83e1d9ef7f918e254b335b7f927', 23, 5, 'MyApp', '[]', 0, '2022-06-15 11:54:05', '2022-06-15 11:54:05', '2023-06-15 14:54:05'),
('493308efc826b1f6877ed0d370cf3e69fca51e9f1d43245c31194ea74fff4e7809f80e5eac6917bf', 9, 5, 'MyApp', '[]', 0, '2022-06-15 11:54:50', '2022-06-15 11:54:50', '2023-06-15 14:54:50'),
('dd40c0447f810252d8450acb35b848895312f4e775bcbbee71030430960aaae7695591e11e9a7eb2', 9, 5, 'MyApp', '[]', 0, '2022-06-15 11:57:57', '2022-06-15 11:57:57', '2023-06-15 14:57:57'),
('1902840e0562d7d143a4f02f04aa0476222bf14d89c97839f2ae77112e3dce1dff37da8486801ad4', 9, 5, 'MyApp', '[]', 0, '2022-06-15 12:00:13', '2022-06-15 12:00:13', '2023-06-15 15:00:13'),
('330ca6b1c915c2eb5a89998af5bca492ef5bb9247f258964cba25e983659183cdb302e6fa59d75cf', 9, 5, 'MyApp', '[]', 0, '2022-06-15 12:00:32', '2022-06-15 12:00:32', '2023-06-15 15:00:32'),
('3c43a2e11e6f9a2cc006e081cfd35bc9fc82d04a8422a587ff498c90a7da593cf614b4eb3e043116', 9, 5, 'MyApp', '[]', 0, '2022-06-15 12:01:51', '2022-06-15 12:01:51', '2023-06-15 15:01:51'),
('ecd23d3e12422630587411f004ee4ebe8446a730f28b7e802f9c7b35345e0e3085985749dda0b2ab', 9, 5, 'MyApp', '[]', 0, '2022-06-15 13:18:59', '2022-06-15 13:18:59', '2023-06-15 16:18:59'),
('302cc88547310802b515164e7b5811c46414a4ea9e3ccd24e533e6f3f7ab29615655d18919ebdeda', 9, 5, 'MyApp', '[]', 0, '2022-06-15 14:47:22', '2022-06-15 14:47:22', '2023-06-15 17:47:22'),
('bb2e27e3ef2eb28fa8ee0e487dbd6d1e475e8cd5fca05ad4befc974663fd171920677b47dd2c5a29', 9, 5, 'MyApp', '[]', 0, '2022-06-15 14:54:25', '2022-06-15 14:54:25', '2023-06-15 17:54:25'),
('b6a1bf8edf49cd703de139cce6f3920b92e7d0a584623ec31a4e4240ca04821bb521cb40e467ce67', 9, 5, 'MyApp', '[]', 0, '2022-06-15 14:59:30', '2022-06-15 14:59:30', '2023-06-15 17:59:30'),
('1f9d120eeaedb0b15b7b6d39b183dadc73a0ecb4ae3fe790c97ef934309c27d149b35d91997815f3', 9, 5, 'MyApp', '[]', 0, '2022-06-15 14:59:51', '2022-06-15 14:59:51', '2023-06-15 17:59:51'),
('38f81a950d595cde5f2b8547baf316abd562e30269c270fe008485e45f7f9d13a8edf089739b2ac8', 9, 5, 'MyApp', '[]', 0, '2022-06-15 19:32:13', '2022-06-15 19:32:13', '2023-06-15 22:32:13'),
('9177606330490ac4eb96198f9dd2fd1f9ccf742a2b33ac0d550aa413b7e2c43f290b246a24838dc2', 9, 5, 'MyApp', '[]', 0, '2022-06-15 19:39:45', '2022-06-15 19:39:45', '2023-06-15 22:39:45'),
('1c30df30ae2e08460bf59ab538234bed55a76204bd3162e2c26c57faa10631b503b61b96bd25d506', 9, 5, 'MyApp', '[]', 0, '2022-06-15 20:32:10', '2022-06-15 20:32:10', '2023-06-15 23:32:10'),
('ea338b93cb4627e4c20e3e2679925d0ec12288a575d9e134f895ec023c92599c32157e49d7a7b04c', 9, 5, 'MyApp', '[]', 0, '2022-06-15 20:32:58', '2022-06-15 20:32:58', '2023-06-15 23:32:58'),
('1fb50325143e50b1a1675d2136e469f2e669e83e45f0b9af9f044adcb955e9fd8b3525a8c8dc4161', 9, 5, 'MyApp', '[]', 0, '2022-06-15 20:49:57', '2022-06-15 20:49:57', '2023-06-15 23:49:57'),
('05b833a28c56f4c1d580e72a949aeacee2116dcf63254c7d83d6c7b9b8b25e0a65987d0db2bd9f47', 9, 5, 'MyApp', '[]', 0, '2022-06-15 20:50:12', '2022-06-15 20:50:12', '2023-06-15 23:50:12'),
('5044763240e65de69b5cd581aa906317e099be3a309ed3fa2175b34b2c441add2e51fac47c04c163', 9, 5, 'MyApp', '[]', 0, '2022-06-15 20:51:26', '2022-06-15 20:51:26', '2023-06-15 23:51:26'),
('f047dbca735c1377a8204efcdf66730b38e6489425b94cc7bd296a10b1df84054da7937e9bb8ee22', 9, 5, 'MyApp', '[]', 0, '2022-06-15 20:52:16', '2022-06-15 20:52:16', '2023-06-15 23:52:16'),
('12a5d85de00561041d177e7355f2f9a3898e2be0e23adc663cc27e69b792cd5745df09c12d115074', 9, 5, 'MyApp', '[]', 0, '2022-06-15 20:55:09', '2022-06-15 20:55:09', '2023-06-15 23:55:09'),
('443282a0945cd349eaaed809507b6bd7045281f2405ffab177730ccee554b718010480d964077541', 9, 5, 'MyApp', '[]', 0, '2022-06-16 13:22:46', '2022-06-16 13:22:46', '2023-06-16 16:22:46'),
('05965e8860dda3e4cbb85e2fc51e4095f24a211ccd0c421be6459d91e6c1ad15b21b35b15ded0389', 9, 5, 'MyApp', '[]', 0, '2022-06-16 13:24:03', '2022-06-16 13:24:03', '2023-06-16 16:24:03'),
('395af40a4d3fe42f4252f6795f7821c40f9a1517499322371998d7cf1471156615070d5cf2dfd433', 9, 5, 'MyApp', '[]', 0, '2022-06-16 13:36:21', '2022-06-16 13:36:21', '2023-06-16 16:36:21'),
('dadb03de45c44f73c327411ce55b2cc224c7b99ff6e550736c7b05f4b186feba93c37c346552f7be', 9, 5, 'MyApp', '[]', 0, '2022-06-16 13:37:27', '2022-06-16 13:37:27', '2023-06-16 16:37:27'),
('5b25d809f06c08d21adaabb91a8cc16517f092b50e4940111f3d16bc9e12283f63d6ba711613bd0c', 9, 5, 'MyApp', '[]', 0, '2022-06-16 13:48:49', '2022-06-16 13:48:49', '2023-06-16 16:48:49'),
('674acff59c88fe74c4ea7a5a71809029e2af3aa4ee6a35dd468528fff5dc307289fe0708e13cc96e', 9, 5, 'MyApp', '[]', 0, '2022-06-16 13:49:25', '2022-06-16 13:49:25', '2023-06-16 16:49:25'),
('b4163601de1e789f961d4093a578b283b99c890d3892efffc2f75da98f7a94a6fae30d65cdfc7a60', 9, 5, 'MyApp', '[]', 0, '2022-06-16 13:55:21', '2022-06-16 13:55:21', '2023-06-16 16:55:21'),
('e04074fdb14e3d0e55faae8e96f8de96e90989f8361b61283638100eac56413824586e8e691f0305', 9, 5, 'MyApp', '[]', 0, '2022-06-16 13:55:30', '2022-06-16 13:55:30', '2023-06-16 16:55:30'),
('e71217ac0ce055b1d21cb1f9bfbc04b39b39f16370830f57c407b8ad68de165ea701b18100e880eb', 9, 5, 'MyApp', '[]', 0, '2022-06-16 13:55:35', '2022-06-16 13:55:35', '2023-06-16 16:55:35'),
('ee9bc6bf7acb8286c55c65b0eb1b14c160b5a83bc0f01b535b54290c2e70c69e53c5bc1b6e6b1290', 9, 5, 'MyApp', '[]', 0, '2022-06-16 13:56:54', '2022-06-16 13:56:54', '2023-06-16 16:56:54'),
('07fd6b5aeaf5eaf8144de93ba1ef3911a5c37aebca0e2cc8819ffe59655a292412e62dd8cd545c1d', 9, 5, 'MyApp', '[]', 0, '2022-06-16 13:57:38', '2022-06-16 13:57:38', '2023-06-16 16:57:38'),
('656681e517244d8983ad79e842e87b62d37aeb8ddde6c9cf3ceb6358552a50931f8b99c3389f089b', 9, 5, 'MyApp', '[]', 0, '2022-06-16 14:05:40', '2022-06-16 14:05:40', '2023-06-16 17:05:40'),
('c1a69872b8797c6be2301b602b4f4e62ae22f06e8b0dc686925d263b3bc2a83be85c7371f147ce64', 9, 5, 'MyApp', '[]', 0, '2022-06-16 14:06:15', '2022-06-16 14:06:15', '2023-06-16 17:06:15'),
('1e921cdd3dcac9930e8d136151169d5acf44cece0a930eba499a77ac0e6dbe024cd8d3a65755f7b3', 9, 5, 'MyApp', '[]', 0, '2022-06-16 14:11:21', '2022-06-16 14:11:21', '2023-06-16 17:11:21'),
('fd8c46c3d54a0b0e25e9220d456ed808ff32a0a7517d13e1346d1910306a4949729748dc54cd9aa5', 9, 5, 'MyApp', '[]', 0, '2022-06-16 14:12:01', '2022-06-16 14:12:01', '2023-06-16 17:12:01'),
('7c62e38a02037a98b50490ecb0a443d677fb7294ab0ebd31dd227a774ddfa7f4fa10abb594901277', 9, 5, 'MyApp', '[]', 0, '2022-06-16 14:18:30', '2022-06-16 14:18:30', '2023-06-16 17:18:30'),
('2615d37044a10db6532b50c7815115d4dddd72efa0215234a14051723b1c05c8ccc3abaadec90f97', 9, 5, 'MyApp', '[]', 0, '2022-06-16 14:19:28', '2022-06-16 14:19:28', '2023-06-16 17:19:28'),
('4d11a218e3f36688e0076a3fe8ff5feaf217728ff4729e6c56d80f7040426f45094f33a3e23114b5', 9, 5, 'MyApp', '[]', 0, '2022-06-16 14:21:23', '2022-06-16 14:21:23', '2023-06-16 17:21:23'),
('b0fa19b73ca4c3e5867e6facbd02142b3b6374f4f8377584a1b157326d7bd06a64d058078b2ff1e4', 9, 5, 'MyApp', '[]', 0, '2022-06-16 14:25:27', '2022-06-16 14:25:27', '2023-06-16 17:25:27'),
('e94ce385ece2459ea19a0bd9828895364a2ac0b7c07ecbdfaa5be8945675e47c5d66752bc99c98cc', 9, 5, 'MyApp', '[]', 0, '2022-06-16 14:32:23', '2022-06-16 14:32:23', '2023-06-16 17:32:23'),
('9826836899cb9b1edf331fee978190f363805a3e062e9428ee7578cfc31b6ee7bad434ece0836f8a', 9, 5, 'MyApp', '[]', 0, '2022-06-16 14:32:44', '2022-06-16 14:32:44', '2023-06-16 17:32:44'),
('c08435c65429642c064defa726ed02a22bc47fcfc4ddedba219e4a7601d1a3cfd4e976084d3321e1', 9, 5, 'MyApp', '[]', 0, '2022-06-16 14:36:22', '2022-06-16 14:36:22', '2023-06-16 17:36:22'),
('6396b37adcbe7075d35209c407685d6709a732451565bf8cd7658ad3c9b105391485b9a59bf6f2fe', 9, 5, 'MyApp', '[]', 0, '2022-06-16 14:36:30', '2022-06-16 14:36:30', '2023-06-16 17:36:30'),
('6570ac063159ebaf6c150bc559d0d656b11e89f78b630e6e41b4acd67c38e5626c2c8114241eed74', 9, 5, 'MyApp', '[]', 0, '2022-06-16 14:38:18', '2022-06-16 14:38:18', '2023-06-16 17:38:18'),
('74bc378bededa486f1bd9aaa484a38c87da5ee462c83e3026aa8fa830c6724fcb71647f93ce94469', 9, 5, 'MyApp', '[]', 0, '2022-06-16 14:39:04', '2022-06-16 14:39:04', '2023-06-16 17:39:04'),
('a079d555658597c437abf1ae7bf9e7c4527588634939796ea32c03273c935ad486b0e4fd6aca3689', 9, 5, 'MyApp', '[]', 0, '2022-06-16 14:43:56', '2022-06-16 14:43:56', '2023-06-16 17:43:56'),
('922c6f4dac99431daf5373aa82e249274b8ddd4c0dd910d46f65ec18f3d898b2d36f8d548756907e', 9, 5, 'MyApp', '[]', 0, '2022-06-16 14:44:04', '2022-06-16 14:44:04', '2023-06-16 17:44:04'),
('db79b8dff432a07248ee9f91469216e1a61192010bfd92436fa26cfe0fee6570cc2b028d328a6524', 9, 5, 'MyApp', '[]', 0, '2022-06-16 14:44:47', '2022-06-16 14:44:47', '2023-06-16 17:44:47'),
('6ef29f9609f0d47b3e1784f6f26aef527366339f7cc69f2ccc6d48f1db51f6b11fe50a95c33fc3a5', 9, 5, 'MyApp', '[]', 0, '2022-06-16 14:45:58', '2022-06-16 14:45:58', '2023-06-16 17:45:58'),
('03072f9a51886e5f4ee40570a751dcb19585ff44888df7952006cb76862edd09795d927daa1d5577', 9, 5, 'MyApp', '[]', 0, '2022-06-16 14:47:03', '2022-06-16 14:47:03', '2023-06-16 17:47:03'),
('0c87282f3ae096e6602105241893368799fcf827c0b763bf46c978ec0c179a23630f2e7e8751e2f2', 9, 5, 'MyApp', '[]', 0, '2022-06-16 14:53:40', '2022-06-16 14:53:40', '2023-06-16 17:53:40'),
('a4fae56131cbe06e8af6ead5cd8772c6485d46a7a1a735503dc712f7b40b6cf92591de2f64765066', 9, 5, 'MyApp', '[]', 0, '2022-06-16 14:55:29', '2022-06-16 14:55:29', '2023-06-16 17:55:29'),
('6da1fb509ad2de2f11b400841df5a44f31ac0e896178c9a41116174192976905f825530dcb0075e4', 9, 5, 'MyApp', '[]', 0, '2022-06-16 14:56:18', '2022-06-16 14:56:18', '2023-06-16 17:56:18'),
('d30ead590bb9b7e1b16f770e7f0dc59dce8ae1b42625a4074aa93d39c09a5398a2852f55d622d7ff', 9, 5, 'MyApp', '[]', 0, '2022-06-17 10:11:43', '2022-06-17 10:11:43', '2023-06-17 13:11:43'),
('94aff051fdf50c4619a96ee5cdf8691ecb71c97f07203758eabdbfb0a2ea689887bfb61a582150df', 9, 5, 'MyApp', '[]', 0, '2022-06-17 10:34:17', '2022-06-17 10:34:17', '2023-06-17 13:34:17'),
('2d73816471e7f68605ad25f3cb12c72982d49be76cad4a642db3970388b323f3d6462ac270663bfe', 9, 5, 'MyApp', '[]', 0, '2022-06-17 10:34:24', '2022-06-17 10:34:24', '2023-06-17 13:34:24'),
('4c9b5a5500d09216421f2f854fecfe4f12f6d890d4a5ce1762b0ac5f7fc13d0439f30106b0965a99', 9, 5, 'MyApp', '[]', 0, '2022-06-17 10:34:28', '2022-06-17 10:34:28', '2023-06-17 13:34:28'),
('b785b7976bf3fff4236deb086c480a48615377faafe1a08f1e184ebeec0c12972172ae17d53c520f', 9, 5, 'MyApp', '[]', 0, '2022-06-17 11:18:40', '2022-06-17 11:18:40', '2023-06-17 14:18:40'),
('71b163af041ed708b0facb92feeb87a84cef1571cfd254004070141ffc73dcb806f42b57a32b3e69', 9, 5, 'MyApp', '[]', 0, '2022-06-17 12:07:49', '2022-06-17 12:07:49', '2023-06-17 15:07:49'),
('9770ec2f599e46a9088bd7423c020995661c1748a704589dc4d6ab0c3b05639d5188477965934c22', 9, 5, 'MyApp', '[]', 0, '2022-06-17 12:07:55', '2022-06-17 12:07:55', '2023-06-17 15:07:55'),
('f3a9e4697eb92d954ff8236e5390315b5ac3f81b5c7ecfdd22ccd89aefe4b563938b1448fc8f809d', 9, 5, 'MyApp', '[]', 0, '2022-06-17 12:08:53', '2022-06-17 12:08:53', '2023-06-17 15:08:53'),
('be3cb41975874d92663f10a39a0c8c3cbd5ad0f7d5ce1c69eb76352e8d5b0bc882dd88c96af947c3', 9, 5, 'MyApp', '[]', 0, '2022-06-17 12:10:35', '2022-06-17 12:10:35', '2023-06-17 15:10:35'),
('d9b12a6f0d1e3cdf59c4fdf40717f7f3f2f6ee2aa891ad0db41ae57d0f8933d3da2ea4a5b9d21bb9', 9, 5, 'MyApp', '[]', 0, '2022-06-17 12:14:14', '2022-06-17 12:14:14', '2023-06-17 15:14:14'),
('30100309c53d5392d0900a19f0e0fe38e5c81e5cdea5712672d238ada367f77b5fc1114daa478cfc', 9, 5, 'MyApp', '[]', 0, '2022-06-17 12:15:02', '2022-06-17 12:15:02', '2023-06-17 15:15:02'),
('dbcd16a4a7cb783857a5c2823ba2080a995930c0008955583593e2ac3aff90705f29d7fd57f47604', 9, 5, 'MyApp', '[]', 0, '2022-06-17 12:16:08', '2022-06-17 12:16:08', '2023-06-17 15:16:08'),
('b108365aa0544c5f2e0652ab74527308068ea3a4321dac0c46bb347bbff4b6570481b397aa76c256', 9, 5, 'MyApp', '[]', 0, '2022-06-17 12:16:52', '2022-06-17 12:16:52', '2023-06-17 15:16:52'),
('aeebafa75e92de4b5eb0884879609214a77cda0a113b0bbbe2c56287c16a4979dcf39241c6450425', 9, 5, 'MyApp', '[]', 0, '2022-06-17 12:17:21', '2022-06-17 12:17:21', '2023-06-17 15:17:21'),
('1ca07f902b647b91291f91124a1b8881d49fe081a5dcdc56e0c0a5daf27bbef8c420d1954cb3614a', 9, 5, 'MyApp', '[]', 0, '2022-06-17 12:17:58', '2022-06-17 12:17:58', '2023-06-17 15:17:58'),
('c0e4a37027fae365aa69ddf7cc5c3c5eb1c1060726bd5636820fc3b101455d4ca3847f1abea948bc', 9, 5, 'MyApp', '[]', 0, '2022-06-17 12:24:28', '2022-06-17 12:24:28', '2023-06-17 15:24:28'),
('a390c640d83b4a35b132404694b2772520beac7b9848ddc72fc21390df9a59c75c7816f8572b7c50', 24, 5, 'MyApp', '[]', 0, '2022-06-18 00:07:35', '2022-06-18 00:07:35', '2023-06-18 03:07:35'),
('9e9f21a5931a0ff021e45197fc4fd1db3cbe1b770bbbbc99b18aa996ddc9808b973f05eb078fd5b6', 9, 5, 'MyApp', '[]', 0, '2022-06-18 12:52:21', '2022-06-18 12:52:21', '2023-06-18 15:52:21'),
('bc2ee3abc8a6201be24f5d3a7b3584318a154d7332c90fbf927c61bc8c04d7b7860d7ccf8e0dae94', 9, 5, 'MyApp', '[]', 0, '2022-06-18 13:13:38', '2022-06-18 13:13:38', '2023-06-18 16:13:38'),
('7c8c69b47d58bc71e4cc7400e8d27614aac01a4f06f2c673e7e92ff004a64dd9b41deaf43861a4d1', 9, 5, 'MyApp', '[]', 0, '2022-06-18 14:43:01', '2022-06-18 14:43:01', '2023-06-18 17:43:01'),
('53bc98a7fc9dcbe19be252614803d2195951cf1c4af136abb02071e4df8624872a88d3c7071af8ed', 9, 5, 'MyApp', '[]', 0, '2022-06-18 15:41:53', '2022-06-18 15:41:53', '2023-06-18 18:41:53'),
('ebafdb894359472aaa000ed7c865cd6091b8f625f3dfb860377b27bca5f20506c26ea059725a9701', 9, 5, 'MyApp', '[]', 0, '2022-06-18 15:42:48', '2022-06-18 15:42:48', '2023-06-18 18:42:48'),
('59b9e08d823283ae389f8e8c93fb590f7edf0cb052a5da9fc9275ed3b72ef2d617a1a3ba1f0243f3', 9, 5, 'MyApp', '[]', 0, '2022-06-18 15:44:02', '2022-06-18 15:44:02', '2023-06-18 18:44:02'),
('d72b7828bd2989ccba77accf696cd77378917243e21d538771492ed065ffd61c27b437d1be807ad7', 9, 5, 'MyApp', '[]', 0, '2022-06-18 15:59:01', '2022-06-18 15:59:01', '2023-06-18 18:59:01'),
('5641432b31a84ac58b8dbba5e341678ce3a104eb81632add50c254f7f1014e8b9d217dbc03ce4ae6', 9, 5, 'MyApp', '[]', 0, '2022-06-18 15:59:23', '2022-06-18 15:59:23', '2023-06-18 18:59:23'),
('59f71311fcd2617c2c9b8f4d8f89899c8749428c58b7f641e1c3d1841719ee56c693cf66b9c43096', 9, 5, 'MyApp', '[]', 0, '2022-06-18 16:00:59', '2022-06-18 16:00:59', '2023-06-18 19:00:59'),
('84f189270e65965fce3b48dcdea6c6c067ca24fc265954ec854ae590959271b93cbf539a33f53a13', 9, 5, 'MyApp', '[]', 0, '2022-06-18 16:01:26', '2022-06-18 16:01:26', '2023-06-18 19:01:26'),
('2ba4fe86395a4a1357e71e4de36a86fd3b148714cd4a90c7cfbded34621d87d269f91d3bea317288', 9, 5, 'MyApp', '[]', 0, '2022-06-18 16:04:58', '2022-06-18 16:04:58', '2023-06-18 19:04:58'),
('676f780e2b0ca2a37fc01d1cbb3c28212c530a3ff4acaebf95037d1c73c90c1db734d06a80389d47', 9, 5, 'MyApp', '[]', 0, '2022-06-18 16:05:57', '2022-06-18 16:05:57', '2023-06-18 19:05:57'),
('1f786d718ea23e00ba02e6d19a1f5edf73676ec4d92081bca0130bade620a35f8fc5a4c5481650b4', 9, 5, 'MyApp', '[]', 0, '2022-06-18 16:06:08', '2022-06-18 16:06:08', '2023-06-18 19:06:08'),
('ec46c71cc1f3501c44ef5138e4d1b10268ff2ab7c0ccd2c694e0725c2576598c9d42c7a2282a052f', 9, 5, 'MyApp', '[]', 0, '2022-06-18 16:15:27', '2022-06-18 16:15:27', '2023-06-18 19:15:27'),
('63cb7ebc7cc0938e4e4e92068f1728ab7f1e6aa30952e37e368271755691fe8f0ec26dacb18d6508', 9, 5, 'MyApp', '[]', 0, '2022-06-18 16:32:41', '2022-06-18 16:32:41', '2023-06-18 19:32:41'),
('10b58f54a6a86c76de2e6fd9abc9ff2fbcbce9beb322fd943d113d9f3d75483e5fd82ac000c5b803', 9, 5, 'MyApp', '[]', 0, '2022-06-18 16:34:42', '2022-06-18 16:34:42', '2023-06-18 19:34:42'),
('53139c4afc2dc129a99069f3a829b781f1a340fe79541defb35f21e663efe880cb9fd7ebcbcb29a2', 9, 5, 'MyApp', '[]', 0, '2022-06-18 16:38:45', '2022-06-18 16:38:45', '2023-06-18 19:38:45'),
('da8b42e6d098e68c92976167dccf0003583e77a649b8ef95d564baabc3d42f80ef738f75a20c27fb', 9, 5, 'MyApp', '[]', 0, '2022-06-18 16:39:26', '2022-06-18 16:39:26', '2023-06-18 19:39:26'),
('d18cdebe8ddb23b17c5ef124c6560cfdfea83a9662948a0dde1f94271ec0635a6ba962ee7d5fb4b2', 9, 5, 'MyApp', '[]', 0, '2022-06-19 12:10:44', '2022-06-19 12:10:44', '2023-06-19 15:10:44'),
('9db2fbc32ac3cae259e8fffba82672ad2afabd90d8f728fa65d77b9cbc355afb85f520dcba4bfbca', 9, 5, 'MyApp', '[]', 0, '2022-06-19 12:11:38', '2022-06-19 12:11:38', '2023-06-19 15:11:38'),
('36f938f4d428d4142c768709a6b2ff08b765a7ad0fc4ea5a4ce3f4895ba936a7157fe30a4399c7d3', 9, 5, 'MyApp', '[]', 0, '2022-06-19 12:12:04', '2022-06-19 12:12:04', '2023-06-19 15:12:04'),
('114c79629667190ac039e4a09edced35d63bf7d2c5f211d447835e09cc02906052319ef0f13f6129', 9, 5, 'MyApp', '[]', 0, '2022-06-19 12:12:39', '2022-06-19 12:12:39', '2023-06-19 15:12:39'),
('8e1764a5920695dffd13692869d8d92fbef299dabad706f1bf1c0658cface498f3fa479441f5266a', 9, 5, 'MyApp', '[]', 0, '2022-06-19 12:25:23', '2022-06-19 12:25:23', '2023-06-19 15:25:23'),
('1bda430cc9acad913681f7c0a3e1ee013944ca5679beb4d787359d56a9e846a4eca4976e307b2af5', 9, 5, 'MyApp', '[]', 0, '2022-06-19 12:25:44', '2022-06-19 12:25:44', '2023-06-19 15:25:44'),
('31c36377fe4e62ada555b0051be5ac6df189993655467a619bdf4e45f5b1d0c684661d6485ef414f', 9, 5, 'MyApp', '[]', 0, '2022-06-19 12:27:31', '2022-06-19 12:27:31', '2023-06-19 15:27:31'),
('747b6764d1503950c909f2f0868e14261443b64f75c70c581617aea2ed5c5e2e4cc453c2ccccd0d0', 9, 5, 'MyApp', '[]', 0, '2022-06-19 12:29:21', '2022-06-19 12:29:21', '2023-06-19 15:29:21'),
('fffac08da08c379d805c24057d8d948e9e33f70b8ea759c14d5a67987f3a1c04709e6d37d95c8524', 9, 5, 'MyApp', '[]', 0, '2022-06-19 12:30:00', '2022-06-19 12:30:00', '2023-06-19 15:30:00'),
('d63af6d766c951db178273213307bc0d11a1e068e431d79c667bd4d83dd2df70f40313b55ebb49c7', 9, 5, 'MyApp', '[]', 0, '2022-06-19 12:30:13', '2022-06-19 12:30:13', '2023-06-19 15:30:13'),
('b9aee683da1ae26c401ef39571d021f3d8fd61cb51d45623f1133b62137ac8bbca4a16c5b88d0d8e', 9, 5, 'MyApp', '[]', 0, '2022-06-19 12:36:11', '2022-06-19 12:36:11', '2023-06-19 15:36:11'),
('e73cf18fc6e6fd22e567a1c791cc3d5566bae5937864e7d821d22ee7cc2530427d86e41cda13351f', 9, 5, 'MyApp', '[]', 0, '2022-06-19 12:42:44', '2022-06-19 12:42:44', '2023-06-19 15:42:44'),
('a9f2cac089b1099aa7f18d1c773f6ebeeab995da63907ce0f8953a9c5bd45d42a6114fe8cffdfc2d', 9, 5, 'MyApp', '[]', 0, '2022-06-19 12:42:57', '2022-06-19 12:42:57', '2023-06-19 15:42:57'),
('9aa443b1b09599639b568c25b97c184d6e40ea2122a23420f73846e370af7bf721898497aa7c34f5', 9, 5, 'MyApp', '[]', 0, '2022-06-19 13:02:42', '2022-06-19 13:02:42', '2023-06-19 16:02:42'),
('0695b06ef8eb27bd211fce09990a830534a88cdfba134789b5d1f83e7d54a4c27a0099032d7296b2', 9, 5, 'MyApp', '[]', 0, '2022-06-19 13:12:05', '2022-06-19 13:12:05', '2023-06-19 16:12:05'),
('a6e36a3cb8d144e4b1df2fe4c276b9acce07280c7516651091caffa907c21e714fcc8ead176e9344', 9, 5, 'MyApp', '[]', 0, '2022-06-19 13:15:42', '2022-06-19 13:15:42', '2023-06-19 16:15:42'),
('ed067264d0caa6b89c70326a4e768e353731c9f3924f3dbce89dfe4fdec6b38b9484098c8067809a', 9, 5, 'MyApp', '[]', 0, '2022-06-19 13:27:59', '2022-06-19 13:27:59', '2023-06-19 16:27:59'),
('911b324d7626a90ac80dd49233e674b361990334327049c87eb57394ee36eac8451d15bd23113879', 9, 5, 'MyApp', '[]', 0, '2022-06-19 13:35:16', '2022-06-19 13:35:16', '2023-06-19 16:35:16'),
('650325cc866b313eca12590ed0b85920b0d5b4c739d0f95b228e6630d00b401e5091e52ba32e123a', 9, 5, 'MyApp', '[]', 0, '2022-06-19 13:39:27', '2022-06-19 13:39:27', '2023-06-19 16:39:27'),
('46b77a11bea5011a48d569793021c1ea0bac139b0794d0027a88ffc29a04733336566ef332aa01ab', 9, 5, 'MyApp', '[]', 0, '2022-06-19 13:40:16', '2022-06-19 13:40:16', '2023-06-19 16:40:16'),
('02db1b83c3afe8760f2080ca287c3dd4f51fad4adc6ab758be6b9c5d6aa864357802cd3b30784924', 9, 5, 'MyApp', '[]', 0, '2022-06-19 13:40:51', '2022-06-19 13:40:51', '2023-06-19 16:40:51'),
('350d794d64b53c891c24773a45f031b9c394f054b94906176f5163a6fb4534b3153656276ca4b30f', 9, 5, 'MyApp', '[]', 0, '2022-06-19 13:41:48', '2022-06-19 13:41:48', '2023-06-19 16:41:48'),
('8dfd43616752d12c4ec4971a072f37baa58698a9a75f06cf800d2de1c7f4dfdfc4b502f3fec1eb40', 9, 5, 'MyApp', '[]', 0, '2022-06-19 13:56:59', '2022-06-19 13:56:59', '2023-06-19 16:56:59'),
('c0d64b1ec54ebae5749ee8665b757369ef78b7e1f9ffcda283354310b49b6b06a1b12abf47408b25', 9, 5, 'MyApp', '[]', 0, '2022-06-19 14:02:57', '2022-06-19 14:02:57', '2023-06-19 17:02:57'),
('5102781876c9fa38ca46656e83f4d46c13a7e20720da3a992c0a70e1836e550df9aa5d15ab01a84a', 9, 5, 'MyApp', '[]', 0, '2022-06-19 14:04:22', '2022-06-19 14:04:22', '2023-06-19 17:04:22'),
('30b6b7bafb332fda9001a9ee5661ee091aa38568d4ede2bda91be493f1b1eaae371b28c73b4056d4', 9, 5, 'MyApp', '[]', 0, '2022-06-19 14:22:49', '2022-06-19 14:22:49', '2023-06-19 17:22:49'),
('14a7dbb4011c4214d46f5183ba1b06b2c4313943f6364ed349f0d469c236105aeec12fda87f9d157', 9, 5, 'MyApp', '[]', 0, '2022-06-19 14:25:54', '2022-06-19 14:25:54', '2023-06-19 17:25:54'),
('3a5eea2b47b3edeedc6a707a531571c757588eb8286f63963cfba401f0cec5eb4ad7578106f38745', 9, 5, 'MyApp', '[]', 0, '2022-06-19 14:30:13', '2022-06-19 14:30:13', '2023-06-19 17:30:13'),
('b104baa07b043f00a8099055ed3805c9b2a12008dcb6b9eb2639580570a51b1be1533ae88972e3ca', 9, 5, 'MyApp', '[]', 0, '2022-06-19 14:31:54', '2022-06-19 14:31:54', '2023-06-19 17:31:54'),
('517953e9f98c3c15e92d44a80cb485387105e3daaddf01586831fdf7a442ec6b6c18f02170e390e8', 9, 5, 'MyApp', '[]', 0, '2022-06-19 14:35:32', '2022-06-19 14:35:32', '2023-06-19 17:35:32'),
('ebbddcfcb65a9c4d0ac437028bb2d2536dad635186a64d7289a4f7fcf67af9e750613e7e412dd21a', 9, 5, 'MyApp', '[]', 0, '2022-06-19 14:37:49', '2022-06-19 14:37:49', '2023-06-19 17:37:49'),
('889311e112714320653fc0b3d8cc7b101fa8810ea9d0c77e36bd485504b26d87ac63f19d7238a309', 9, 5, 'MyApp', '[]', 0, '2022-06-19 14:39:32', '2022-06-19 14:39:32', '2023-06-19 17:39:32'),
('ff04160fb055d9c90d55dfd922ad0cfb99e02a5c842fdda1aa722722d62963ba6254980174ee0194', 9, 5, 'MyApp', '[]', 0, '2022-06-19 14:40:48', '2022-06-19 14:40:48', '2023-06-19 17:40:48'),
('62a2c89055f56d77c89f183a0ef4e421f1c65b52c1ccea42e94717e4553cbae4df4f186ed1662e4b', 9, 5, 'MyApp', '[]', 0, '2022-06-19 14:43:21', '2022-06-19 14:43:21', '2023-06-19 17:43:21'),
('f76ba157b3c681feb73b1cd715de579e8ac9b765f465fd85975f1c349c415b755a1baa4570bfdf4d', 9, 5, 'MyApp', '[]', 0, '2022-06-19 14:45:58', '2022-06-19 14:45:58', '2023-06-19 17:45:58'),
('f78e428dc097a827ae419d9825b0293315f74fb69c07978d5b9e1eafb500c679ee4941f1ffcbe46a', 9, 5, 'MyApp', '[]', 0, '2022-06-19 14:50:20', '2022-06-19 14:50:20', '2023-06-19 17:50:20'),
('f9a85c6cc8b723c4bf4ffb6d3a39d6a8f7d72a1497ffb3e1e5d8fb87ab896041e233b450520c9c84', 9, 5, 'MyApp', '[]', 0, '2022-06-19 14:51:17', '2022-06-19 14:51:17', '2023-06-19 17:51:17'),
('9377b4dd4f7c113310e1748fe99a541d270fd4aa26301c488cbe18d5b16305e03996e4ffb2a0abc8', 9, 5, 'MyApp', '[]', 0, '2022-06-19 14:52:46', '2022-06-19 14:52:46', '2023-06-19 17:52:46'),
('86eb1a37e9d03cfcde44db46196c3a58db7aec0068930b87ee1cc12b55e74919df4c9ec8e8a2bb9e', 9, 5, 'MyApp', '[]', 0, '2022-06-19 14:54:29', '2022-06-19 14:54:29', '2023-06-19 17:54:29'),
('47207bacff7c3921a1405d24d71c8a5365a939a1f7df29f4cc0e206b1e9a279ef9da14a108f946df', 9, 5, 'MyApp', '[]', 0, '2022-06-19 14:59:03', '2022-06-19 14:59:03', '2023-06-19 17:59:03'),
('11b93da17a381cc41f34ed665acb3a81a76ca90fc25846340fc5b6fffd3bcd80a0d1fda19ca0c951', 9, 5, 'MyApp', '[]', 0, '2022-06-19 15:00:28', '2022-06-19 15:00:28', '2023-06-19 18:00:28'),
('7f28d11b69f6c7e9c0a9950ff2d912c0b20e9daa25d87cb740ac8eb38ecf7454e76658c3754fbc9b', 9, 5, 'MyApp', '[]', 0, '2022-06-19 15:01:26', '2022-06-19 15:01:26', '2023-06-19 18:01:26'),
('ac7b28d571d03b503fcd3ef4f0cf9b3212a1ef8b5adc3bbc1f01d16fe0928d18862c31d362e7c59f', 9, 5, 'MyApp', '[]', 0, '2022-06-19 15:02:11', '2022-06-19 15:02:11', '2023-06-19 18:02:11'),
('07f0651c78e3d862f45fa4966ac61989c3162854b2fbb96c588640143724f1af17eb24413a856ecc', 9, 5, 'MyApp', '[]', 0, '2022-06-19 15:05:48', '2022-06-19 15:05:48', '2023-06-19 18:05:48'),
('e69ebc67524e9c815f36bd7427d0250dd307ef4596c485e58308a0da8abdc030dd4ce0527ba588ce', 9, 5, 'MyApp', '[]', 0, '2022-06-19 15:06:54', '2022-06-19 15:06:54', '2023-06-19 18:06:54'),
('5adbe8f3a3d57e9902d45676e663269ca44d2a4e17388c62dbe494ae3dfc86bc7384c508fb5e5a25', 9, 5, 'MyApp', '[]', 0, '2022-06-19 15:08:02', '2022-06-19 15:08:02', '2023-06-19 18:08:02'),
('62cd2338e40f71ad4eb5d91e809878114542fb5b2c199b06c05175e07d223cfd0729f100d406a1a8', 9, 5, 'MyApp', '[]', 0, '2022-06-19 15:09:33', '2022-06-19 15:09:33', '2023-06-19 18:09:33'),
('ea03085ef34536ad3956f9c31f6352c828bf7269f9b52516743698d70ce13c6fee9526962aa5ea67', 9, 5, 'MyApp', '[]', 0, '2022-06-19 15:11:22', '2022-06-19 15:11:22', '2023-06-19 18:11:22'),
('1004fb68eee80f73988c1ab135c178af47e7d3239eb1c8e09860cd31c0960a8588f9bdcf8cf98abd', 9, 5, 'MyApp', '[]', 0, '2022-06-19 15:11:57', '2022-06-19 15:11:57', '2023-06-19 18:11:57'),
('a5a4bc541cf57d37e95e409023b5ae97ba2b53990d5f8616230d6df90ecfdb28f9a3cf4b13d9e9c1', 9, 5, 'MyApp', '[]', 0, '2022-06-19 15:12:50', '2022-06-19 15:12:50', '2023-06-19 18:12:50'),
('44e55494685c6cc7f9a9b81c68936565803effe47e2a6cfc2279b1b40b6ce3eee40051ceca196d0d', 9, 5, 'MyApp', '[]', 0, '2022-06-19 15:22:23', '2022-06-19 15:22:23', '2023-06-19 18:22:23'),
('dc62bc56f79c4b9c024a47d50df94d5c8a9c99ca9592d235e882c0ad1e8da804835c4402b1eab249', 9, 5, 'MyApp', '[]', 0, '2022-06-19 15:23:11', '2022-06-19 15:23:11', '2023-06-19 18:23:11'),
('95725bbfe293ad8ef90b99627cf41f64ec0289b6a0ebb2ca46aeafcf6bf869de65ed1bc043bf8f55', 9, 5, 'MyApp', '[]', 0, '2022-06-19 15:25:04', '2022-06-19 15:25:04', '2023-06-19 18:25:04'),
('f8863751daea1b4afa3c57a4cf48834a8182ea097aa880beecdf15eabbdb59e14753304df7b9dd42', 9, 5, 'MyApp', '[]', 0, '2022-06-19 15:26:11', '2022-06-19 15:26:11', '2023-06-19 18:26:11'),
('ab64fe7a6a3daf7e71d4d773b638b29b2f01b058d047036855b806ecb0d4e2690fd3ccc26484c63a', 9, 5, 'MyApp', '[]', 0, '2022-06-19 15:26:58', '2022-06-19 15:26:58', '2023-06-19 18:26:58'),
('50b113b4c45f2939f659b847492f14a99338cb880572e8edd4fcb18c85378f791ee54e18897f2ec5', 9, 5, 'MyApp', '[]', 0, '2022-06-19 15:27:46', '2022-06-19 15:27:46', '2023-06-19 18:27:46'),
('cc01e750f25378b849e067b6e51b1db451fb7127c1cd558b182905e2e0ab45dad6542af62250b9ff', 9, 5, 'MyApp', '[]', 0, '2022-06-19 15:28:26', '2022-06-19 15:28:26', '2023-06-19 18:28:26'),
('ff38c6ca7467d45185c53828c37317a6a84100dd8d6eba1d47fd78c5849227062e00f8736eb3a869', 9, 5, 'MyApp', '[]', 0, '2022-06-19 15:37:09', '2022-06-19 15:37:09', '2023-06-19 18:37:09'),
('bf418ae516509dfe109ce9810f95d95bf8d040094368eab5f2bc02f0b0e5982d973f115dbdf8f182', 9, 5, 'MyApp', '[]', 0, '2022-06-19 15:39:49', '2022-06-19 15:39:49', '2023-06-19 18:39:49'),
('d85bc03e88b5d36f56eedf174cdc546246d1acab7b1fdbf9911192a3a10dbadf01d512394ba2cf27', 9, 5, 'MyApp', '[]', 0, '2022-06-19 15:53:27', '2022-06-19 15:53:27', '2023-06-19 18:53:27'),
('f9850d0ecfa6ce3b2618affc3799df2ff6f811bf3141dee32ab4d278af4b30dd4544e740171ce236', 9, 5, 'MyApp', '[]', 0, '2022-06-19 16:01:12', '2022-06-19 16:01:12', '2023-06-19 19:01:12'),
('d357b2fd23bcbdef8a3cf655a78dbe5cc7e3fd7430d0bfd918b3377a104765ddf4d8cd7d3f460d5e', 9, 5, 'MyApp', '[]', 0, '2022-06-19 16:10:52', '2022-06-19 16:10:52', '2023-06-19 19:10:52'),
('6889b13216ebd867053a961d1ff3fd79d67b108dca7936c5aff3a6f244590028a04f22be39e2111a', 9, 5, 'MyApp', '[]', 0, '2022-06-19 16:14:38', '2022-06-19 16:14:38', '2023-06-19 19:14:38'),
('7abe7862e4d11b9954ce3ea7a8d34c31981e03850c3dee0fadb2a7b9534aa066a96b867030da05ec', 9, 5, 'MyApp', '[]', 0, '2022-06-19 16:21:32', '2022-06-19 16:21:32', '2023-06-19 19:21:32'),
('6432d7104532aa3332ccaf5df1d29047d9c60a14d8f077db7c778656034d6590ef01b9cbb9e61035', 9, 5, 'MyApp', '[]', 0, '2022-06-19 16:33:23', '2022-06-19 16:33:23', '2023-06-19 19:33:23'),
('26b2b8a13e7e52a540dd6a04097abba4efb94bd33614e94094f1261c6816d4ede55ece5cbef6ffe2', 9, 5, 'MyApp', '[]', 0, '2022-06-19 17:07:44', '2022-06-19 17:07:44', '2023-06-19 20:07:44'),
('e6ab1f2d12ed44e61337df85c1476a17339a3c28b7de348c3fdfd967299440903b8beabd1405eec7', 9, 5, 'MyApp', '[]', 0, '2022-06-19 17:10:51', '2022-06-19 17:10:51', '2023-06-19 20:10:51'),
('13590ec5ed9e86ed0f5c86fc64deeaa0f97d8693c56e52764dbf2fcf8ed07c29c335417321192935', 9, 5, 'MyApp', '[]', 0, '2022-06-19 17:11:50', '2022-06-19 17:11:50', '2023-06-19 20:11:50'),
('e6ca3fe74e51a5b38420cd52fe43af0b4f6f1bea239d07897237265c20c0e4059b404a08f9e7ae6b', 9, 5, 'MyApp', '[]', 0, '2022-06-19 17:12:22', '2022-06-19 17:12:22', '2023-06-19 20:12:22'),
('1aab491896a5556ce65145ff743f87c88b1a064c86e5b61a7556ea436042dcd921bc9dc586d6ecf5', 9, 5, 'MyApp', '[]', 0, '2022-06-19 17:16:24', '2022-06-19 17:16:24', '2023-06-19 20:16:24'),
('b41fa6b10255256064a96ab435260ef880d76d0c53a821ac584a58343d4e4ef899bdc7ce4d70c514', 9, 5, 'MyApp', '[]', 0, '2022-06-19 17:30:06', '2022-06-19 17:30:06', '2023-06-19 20:30:06'),
('a8c74db0ffb3946c90a717784e4aa12f592ef30c6e64555b99c5a5699ff1b28081f15669cbbf4c4d', 9, 5, 'MyApp', '[]', 0, '2022-06-19 17:53:26', '2022-06-19 17:53:26', '2023-06-19 20:53:26'),
('1de911173b7fa3dda2ac016a313ce5abbfdfc72d725694c22ffbb5256f2bc4d3a0b2626c3eb284f8', 9, 5, 'MyApp', '[]', 0, '2022-06-19 17:53:46', '2022-06-19 17:53:46', '2023-06-19 20:53:46'),
('5f9539c2d9421294cc55a06b8d0c29c6fb0a4725384fa16152594b8bf3cef63739cd0b9b9e5ab26b', 9, 5, 'MyApp', '[]', 0, '2022-06-19 17:54:05', '2022-06-19 17:54:05', '2023-06-19 20:54:05'),
('fab8803492bcdff8dde72994b0d28e09ab76aef839346a03bc090f1c5b49f6328d46ed6f9a0672cb', 9, 5, 'MyApp', '[]', 0, '2022-06-19 17:54:19', '2022-06-19 17:54:19', '2023-06-19 20:54:19'),
('c012b292a80be395d3194036e4afb6e2ccc466dd39933db3174f8cb6c83d7d044711cfd487def2f1', 9, 5, 'MyApp', '[]', 0, '2022-06-19 17:54:29', '2022-06-19 17:54:29', '2023-06-19 20:54:29'),
('b101884e8d610d221b87ec426a8fb6be7ee56aa1430b9ae13df37bc6e02cea204616239e2436057f', 9, 5, 'MyApp', '[]', 0, '2022-06-20 09:40:09', '2022-06-20 09:40:09', '2023-06-20 12:40:09'),
('90ac97a976820b21b31b80827a8255558967029962650e0663777b1dd30a11a9e00c2646191d46d1', 9, 5, 'MyApp', '[]', 0, '2022-06-20 09:40:26', '2022-06-20 09:40:26', '2023-06-20 12:40:26'),
('c7adc6d14b3221186d979b3d920baf0d919bcd5eb89f77e1de9a45eff233589dcf27540e7a951b5d', 9, 5, 'MyApp', '[]', 0, '2022-06-20 09:40:41', '2022-06-20 09:40:41', '2023-06-20 12:40:41'),
('885cbd41ab8c9765f41f29b725fcb9d1b29d621d497260a5174c2c6114a324e7a8114410f8176895', 9, 5, 'MyApp', '[]', 0, '2022-06-20 09:44:36', '2022-06-20 09:44:36', '2023-06-20 12:44:36'),
('401f8bdfa54021f1390a287f72e8010de972966e87882d7c4ce36779d68a79567bee8ecb93640990', 9, 5, 'MyApp', '[]', 0, '2022-06-20 09:46:06', '2022-06-20 09:46:06', '2023-06-20 12:46:06'),
('8fb92e01e7e8ff00ef8b11639249eb3994be59139d2eafed23f6c740d25682fbf5511a8e59676c44', 9, 5, 'MyApp', '[]', 0, '2022-06-20 09:50:36', '2022-06-20 09:50:36', '2023-06-20 12:50:36'),
('d31b78a552ffe40a34e15f64b036d0cf3dbcff842d634f1987cb510578c6a44ac804820b8d56ef00', 9, 5, 'MyApp', '[]', 0, '2022-06-20 09:52:17', '2022-06-20 09:52:17', '2023-06-20 12:52:17'),
('1b41f0920060bba0bf24433a56a3e42d725104bcc91593d9a9f2ffedaccad6343751d35c903bbb3b', 9, 5, 'MyApp', '[]', 0, '2022-06-20 09:56:09', '2022-06-20 09:56:09', '2023-06-20 12:56:09'),
('9b0dd12c7d401676dd717bc361e3a691b1c6985ffb5c245089c2fa69c64735d65ceb36ad1c9cbd82', 9, 5, 'MyApp', '[]', 0, '2022-06-20 10:05:46', '2022-06-20 10:05:46', '2023-06-20 13:05:46'),
('2e92229a90df530f76f4ed16301a48134e7fd37b9ccc2a4829e9c6c7b44192fbac8715c29209917e', 9, 5, 'MyApp', '[]', 0, '2022-06-20 10:08:45', '2022-06-20 10:08:45', '2023-06-20 13:08:45'),
('16493ee1f6af5873f78a7a8d3b8301b43598f6c9e0b1ca65752cc38a2e415ef8d4bdbb343001ddac', 9, 5, 'MyApp', '[]', 0, '2022-06-20 10:14:07', '2022-06-20 10:14:07', '2023-06-20 13:14:07'),
('8a9f9f2bdebd09f944eba02c54a7b0165beae29bc781795d50a7c86bcaa2a233c118167c649973fd', 9, 5, 'MyApp', '[]', 0, '2022-06-20 10:22:47', '2022-06-20 10:22:47', '2023-06-20 13:22:47'),
('0f8b5985d80613d6396f1a594e8b527e5a5fc037dd6bfb64de5bb09d8c3d3a8411c8c2c6baaa6275', 9, 5, 'MyApp', '[]', 0, '2022-06-20 11:45:47', '2022-06-20 11:45:47', '2023-06-20 14:45:47'),
('01eaea5128880e877a3f502b14321d08547df972264870dbef9213ccbab95330eba6381572f12b3e', 9, 5, 'MyApp', '[]', 0, '2022-06-20 11:48:12', '2022-06-20 11:48:12', '2023-06-20 14:48:12'),
('9ba805dee9eec50100962f1c24df39a6934bac08d4258dccedc7040fe113972fe0cb3b0dcc76b206', 9, 5, 'MyApp', '[]', 0, '2022-06-20 11:49:26', '2022-06-20 11:49:26', '2023-06-20 14:49:26'),
('606392f961fcea4ead01714b6167f484fd93e60219fb83ea2c8c1d3510fb11e9083a359d1164a329', 9, 5, 'MyApp', '[]', 0, '2022-06-20 11:57:41', '2022-06-20 11:57:41', '2023-06-20 14:57:41'),
('7f978afd2e045a5368ad0f2a8ec5ec7cce62afe682fd82cb2baa6a965ce07f0d40f3402dac09d691', 9, 5, 'MyApp', '[]', 0, '2022-06-20 11:59:01', '2022-06-20 11:59:01', '2023-06-20 14:59:01'),
('4128946ecd79cdaa8651b2eeeb3e840353994e1287b57c58a3eda91a4703bb1bedff290ed2a1e2ff', 9, 5, 'MyApp', '[]', 0, '2022-06-20 11:59:26', '2022-06-20 11:59:26', '2023-06-20 14:59:26'),
('30f638bd7f73f84524850ad70f5b581df45a69fa1266b70b67a2beadb4b8bff3d3c1d528b41c83dd', 9, 5, 'MyApp', '[]', 0, '2022-06-20 12:18:06', '2022-06-20 12:18:06', '2023-06-20 15:18:06'),
('2047b6632ab97196792f44d1d54f972e00593eb59d7e82247f71c30d3cbc137fa26d63813d4fbad3', 25, 5, 'MyApp', '[]', 0, '2022-06-20 12:18:47', '2022-06-20 12:18:47', '2023-06-20 15:18:47'),
('2ec136d37ed479d6c99c8d2f5185a0cc1208957419f541c3338477710f1b4b158156ac5c55392984', 9, 5, 'MyApp', '[]', 0, '2022-06-20 12:20:46', '2022-06-20 12:20:46', '2023-06-20 15:20:46'),
('e040af78ff6ea3869893ba35acdb7c67a73dc8bc4d100ac2363b1bbeec0f90250c6aa448104d305c', 9, 5, 'MyApp', '[]', 0, '2022-06-20 13:01:35', '2022-06-20 13:01:35', '2023-06-20 16:01:35'),
('20230acbc5141b407c6049cfe3abce284a99e6c71645a8cd9aa5e4baae305bc2a3247dd9190977a2', 26, 5, 'MyApp', '[]', 0, '2022-06-21 18:50:23', '2022-06-21 18:50:23', '2023-06-21 21:50:23'),
('3111b0105348364f66404cd96c18297400f048d6c1655264ee91258a98975aa0d9db92052f6bde85', 27, 5, 'MyApp', '[]', 0, '2022-06-21 18:58:45', '2022-06-21 18:58:45', '2023-06-21 21:58:45'),
('7d2ec5107e331f45acd4e020062e729f427f6499b0fba8d3f8c885fdbe778bc3dd0a001227e5106f', 28, 5, 'MyApp', '[]', 0, '2022-07-01 12:27:42', '2022-07-01 12:27:42', '2023-07-01 15:27:42');

-- --------------------------------------------------------

--
-- Table structure for table `oauth_auth_codes`
--

DROP TABLE IF EXISTS `oauth_auth_codes`;
CREATE TABLE IF NOT EXISTS `oauth_auth_codes` (
  `id` varchar(100) COLLATE utf8mb4_unicode_ci NOT NULL,
  `user_id` bigint(20) UNSIGNED NOT NULL,
  `client_id` bigint(20) UNSIGNED NOT NULL,
  `scopes` text COLLATE utf8mb4_unicode_ci,
  `revoked` tinyint(1) NOT NULL,
  `expires_at` datetime DEFAULT NULL,
  PRIMARY KEY (`id`),
  KEY `oauth_auth_codes_user_id_index` (`user_id`)
) ENGINE=MyISAM DEFAULT CHARSET=utf8mb4 COLLATE=utf8mb4_unicode_ci;

-- --------------------------------------------------------

--
-- Table structure for table `oauth_clients`
--

DROP TABLE IF EXISTS `oauth_clients`;
CREATE TABLE IF NOT EXISTS `oauth_clients` (
  `id` bigint(20) UNSIGNED NOT NULL AUTO_INCREMENT,
  `user_id` bigint(20) UNSIGNED DEFAULT NULL,
  `name` varchar(191) COLLATE utf8mb4_unicode_ci NOT NULL,
  `secret` varchar(100) COLLATE utf8mb4_unicode_ci DEFAULT NULL,
  `provider` varchar(191) COLLATE utf8mb4_unicode_ci DEFAULT NULL,
  `redirect` text COLLATE utf8mb4_unicode_ci NOT NULL,
  `personal_access_client` tinyint(1) NOT NULL,
  `password_client` tinyint(1) NOT NULL,
  `revoked` tinyint(1) NOT NULL,
  `created_at` timestamp NULL DEFAULT NULL,
  `updated_at` timestamp NULL DEFAULT NULL,
  PRIMARY KEY (`id`),
  KEY `oauth_clients_user_id_index` (`user_id`)
) ENGINE=MyISAM AUTO_INCREMENT=6 DEFAULT CHARSET=utf8mb4 COLLATE=utf8mb4_unicode_ci;

--
-- Dumping data for table `oauth_clients`
--

INSERT INTO `oauth_clients` (`id`, `user_id`, `name`, `secret`, `provider`, `redirect`, `personal_access_client`, `password_client`, `revoked`, `created_at`, `updated_at`) VALUES
(1, NULL, 'Laravel Personal Access Client', 'IrCcv0cUyC1iXzPXJPm0qgLhOL6wFpChMrSJtacT', NULL, 'http://localhost', 1, 0, 0, '2022-03-10 15:31:42', '2022-03-10 15:31:42'),
(2, NULL, 'Laravel Password Grant Client', 'Aqe14tfOfaR1VD9JVNSdAg2rULT9xokDiswAX9rA', 'users', 'http://localhost', 0, 1, 0, '2022-03-10 15:31:42', '2022-03-10 15:31:42'),
(3, NULL, 'Laravel Personal Access Client', 'TcHbaB9Y0iggWeGtnJLJ5l6ukShOTltHtWhF37tV', NULL, 'http://localhost', 1, 0, 0, '2022-03-10 15:34:02', '2022-03-10 15:34:02'),
(4, NULL, 'Laravel Password Grant Client', 's9ZUuvrSkKXTfYkKnwdc8e0MaIZmWaVtxIW1CsiS', 'users', 'http://localhost', 0, 1, 0, '2022-03-10 15:34:02', '2022-03-10 15:34:02'),
(5, NULL, 'User', '6xOkATkeBoc9y3S3Yz9OwnTRWKiWg7AwHu5fISlI', NULL, 'http://localhost', 1, 0, 0, '2022-03-10 21:13:17', '2022-03-10 21:13:17');

-- --------------------------------------------------------

--
-- Table structure for table `oauth_personal_access_clients`
--

DROP TABLE IF EXISTS `oauth_personal_access_clients`;
CREATE TABLE IF NOT EXISTS `oauth_personal_access_clients` (
  `id` bigint(20) UNSIGNED NOT NULL AUTO_INCREMENT,
  `client_id` bigint(20) UNSIGNED NOT NULL,
  `created_at` timestamp NULL DEFAULT NULL,
  `updated_at` timestamp NULL DEFAULT NULL,
  PRIMARY KEY (`id`)
) ENGINE=MyISAM AUTO_INCREMENT=4 DEFAULT CHARSET=utf8mb4 COLLATE=utf8mb4_unicode_ci;

--
-- Dumping data for table `oauth_personal_access_clients`
--

INSERT INTO `oauth_personal_access_clients` (`id`, `client_id`, `created_at`, `updated_at`) VALUES
(1, 1, '2022-03-10 15:31:42', '2022-03-10 15:31:42'),
(2, 3, '2022-03-10 15:34:02', '2022-03-10 15:34:02'),
(3, 5, '2022-03-10 21:13:17', '2022-03-10 21:13:17');

-- --------------------------------------------------------

--
-- Table structure for table `oauth_refresh_tokens`
--

DROP TABLE IF EXISTS `oauth_refresh_tokens`;
CREATE TABLE IF NOT EXISTS `oauth_refresh_tokens` (
  `id` varchar(100) COLLATE utf8mb4_unicode_ci NOT NULL,
  `access_token_id` varchar(100) COLLATE utf8mb4_unicode_ci NOT NULL,
  `revoked` tinyint(1) NOT NULL,
  `expires_at` datetime DEFAULT NULL,
  PRIMARY KEY (`id`),
  KEY `oauth_refresh_tokens_access_token_id_index` (`access_token_id`)
) ENGINE=MyISAM DEFAULT CHARSET=utf8mb4 COLLATE=utf8mb4_unicode_ci;

-- --------------------------------------------------------

--
-- Table structure for table `password_resets`
--

DROP TABLE IF EXISTS `password_resets`;
CREATE TABLE IF NOT EXISTS `password_resets` (
  `email` varchar(191) COLLATE utf8mb4_unicode_ci NOT NULL,
  `token` varchar(191) COLLATE utf8mb4_unicode_ci NOT NULL,
  `created_at` timestamp NULL DEFAULT NULL,
  KEY `password_resets_email_index` (`email`)
) ENGINE=MyISAM DEFAULT CHARSET=utf8mb4 COLLATE=utf8mb4_unicode_ci;

-- --------------------------------------------------------

--
-- Table structure for table `personal_access_tokens`
--

DROP TABLE IF EXISTS `personal_access_tokens`;
CREATE TABLE IF NOT EXISTS `personal_access_tokens` (
  `id` bigint(20) UNSIGNED NOT NULL AUTO_INCREMENT,
  `tokenable_type` varchar(191) COLLATE utf8mb4_unicode_ci NOT NULL,
  `tokenable_id` bigint(20) UNSIGNED NOT NULL,
  `name` varchar(191) COLLATE utf8mb4_unicode_ci NOT NULL,
  `token` varchar(64) COLLATE utf8mb4_unicode_ci NOT NULL,
  `abilities` text COLLATE utf8mb4_unicode_ci,
  `last_used_at` timestamp NULL DEFAULT NULL,
  `created_at` timestamp NULL DEFAULT NULL,
  `updated_at` timestamp NULL DEFAULT NULL,
  PRIMARY KEY (`id`),
  UNIQUE KEY `personal_access_tokens_token_unique` (`token`),
  KEY `personal_access_tokens_tokenable_type_tokenable_id_index` (`tokenable_type`,`tokenable_id`)
) ENGINE=MyISAM DEFAULT CHARSET=utf8mb4 COLLATE=utf8mb4_unicode_ci;

-- --------------------------------------------------------

--
-- Table structure for table `sale`
--

DROP TABLE IF EXISTS `sale`;
CREATE TABLE IF NOT EXISTS `sale` (
  `id` int(11) NOT NULL AUTO_INCREMENT,
  `name` text NOT NULL,
  `price_old` int(11) NOT NULL,
  `price_new` int(11) NOT NULL,
  `image` text NOT NULL,
  `updated_at` timestamp NOT NULL,
  `created_at` timestamp NOT NULL,
  PRIMARY KEY (`id`)
) ENGINE=MyISAM AUTO_INCREMENT=7 DEFAULT CHARSET=utf8;

--
-- Dumping data for table `sale`
--

INSERT INTO `sale` (`id`, `name`, `price_old`, `price_new`, `image`, `updated_at`, `created_at`) VALUES
(6, 'BBC food', 15000, 7500, '683893932.jpg', '2022-06-23 15:53:36', '2022-06-23 15:53:36'),
(5, 'fast food', 15000, 10000, '842462342.jfif', '2022-06-23 15:53:12', '2022-06-23 15:53:12');

-- --------------------------------------------------------

--
-- Table structure for table `save`
--

DROP TABLE IF EXISTS `save`;
CREATE TABLE IF NOT EXISTS `save` (
  `id` int(11) NOT NULL AUTO_INCREMENT,
  `id_user` int(11) NOT NULL,
  `id_item` int(11) NOT NULL,
  `updated_at` timestamp(6) NOT NULL,
  `created_at` timestamp(6) NOT NULL,
  PRIMARY KEY (`id`)
) ENGINE=MyISAM AUTO_INCREMENT=34 DEFAULT CHARSET=utf8;

--
-- Dumping data for table `save`
--

INSERT INTO `save` (`id`, `id_user`, `id_item`, `updated_at`, `created_at`) VALUES
(27, 0, 34, '2022-06-23 20:58:58.000000', '2022-06-23 20:58:58.000000'),
(30, 25, 30, '2022-06-24 10:10:04.000000', '2022-06-24 10:10:04.000000'),
(20, 0, 28, '2022-06-22 10:32:18.000000', '2022-06-22 10:32:18.000000'),
(22, 0, 30, '2022-06-23 15:07:44.000000', '2022-06-23 15:07:44.000000'),
(7, 8, 30, '2022-06-19 13:10:55.000000', '2022-06-19 13:10:55.000000'),
(8, 8, 30, '2022-06-19 13:25:30.000000', '2022-06-19 13:25:30.000000'),
(28, 25, 28, '2022-06-24 04:28:14.000000', '2022-06-24 04:28:14.000000'),
(29, 25, 28, '2022-06-24 04:45:50.000000', '2022-06-24 04:45:50.000000');

-- --------------------------------------------------------

--
-- Table structure for table `users`
--

DROP TABLE IF EXISTS `users`;
CREATE TABLE IF NOT EXISTS `users` (
  `id` bigint(20) UNSIGNED NOT NULL AUTO_INCREMENT,
  `name` varchar(191) COLLATE utf8mb4_unicode_ci NOT NULL,
  `email` varchar(191) COLLATE utf8mb4_unicode_ci NOT NULL,
  `password` varchar(191) COLLATE utf8mb4_unicode_ci NOT NULL,
  `amount` int(11) NOT NULL,
  `location` text COLLATE utf8mb4_unicode_ci NOT NULL,
  `remember_token` varchar(100) COLLATE utf8mb4_unicode_ci DEFAULT NULL,
  `updated_at` timestamp(6) NOT NULL,
  `created_at` timestamp(6) NOT NULL,
  PRIMARY KEY (`id`),
  UNIQUE KEY `users_email_unique` (`email`)
) ENGINE=MyISAM AUTO_INCREMENT=29 DEFAULT CHARSET=utf8mb4 COLLATE=utf8mb4_unicode_ci;

--
-- Dumping data for table `users`
--

INSERT INTO `users` (`id`, `name`, `email`, `password`, `amount`, `location`, `remember_token`, `updated_at`, `created_at`) VALUES
(28, '', 'adnanaji@gmail.com', 'AdnanAji', 0, '', NULL, '2022-07-01 12:27:41.000000', '2022-07-01 12:27:41.000000'),
(8, 'tarek', 'tarek@hotmail.com', '$2y$10$OL7Ha0WuldsyDmL9APGibuLd6qkSOGJsfbwytnN.WkND0ghpwhawy', 0, '', NULL, '2022-06-14 10:27:00.000000', '2022-06-14 10:27:00.000000'),
(9, 'tarek', 'tarek99@hotmail.com', 'abgassem7', 9124987, 'daraa', NULL, '2022-07-01 14:01:51.000000', '2022-06-14 10:28:47.000000'),
(10, '', 'hfu@gmail.com', '$2y$10$H5.HDhI6BrkmuJpqGFZ5BeFxffzBIusJt1IiMRt04Pcu37mgnCiLK', 0, '', NULL, '2022-06-14 10:57:30.000000', '2022-06-14 10:57:30.000000'),
(11, '', 'zubayda@hotmail.com', '$2y$10$Dbum9hXZaKXEeT3s0KDWiuQfzMDseJpBQF1VhGILJ0cvRPgvnTE6i', 0, '', NULL, '2022-06-14 11:58:25.000000', '2022-06-14 11:58:25.000000'),
(12, '', 'hfu@gmakil.com', '$2y$10$sHJ2V0f2/E/dxlWvQfd6G.3ObFUfvYnNCr0vrcjwf5UVmiC/d8RHW', 0, '', NULL, '2022-06-14 12:01:17.000000', '2022-06-14 12:01:17.000000'),
(13, '', 'a7lam@gmail.com', '$2y$10$TDWYaNEBoVFVd6tDkRoAXO9RtlmUNagJ90ZUqxeg4vbIamSHX4ZS2', 0, '', NULL, '2022-06-14 12:01:58.000000', '2022-06-14 12:01:58.000000'),
(14, '', 'hfu@gmal.com', 'yf', 0, '', NULL, '2022-06-14 12:03:53.000000', '2022-06-14 12:03:53.000000'),
(15, '', 'ilala@hotmail.com', 'tarek87', 0, '', NULL, '2022-06-14 12:26:26.000000', '2022-06-14 12:26:26.000000'),
(16, '', 'kos@gmail.com', 'ffddss2', 0, '', NULL, '2022-06-14 12:28:11.000000', '2022-06-14 12:28:11.000000'),
(17, '', 'koas@gmail.com', '3535a', 0, '', NULL, '2022-06-14 12:29:28.000000', '2022-06-14 12:29:28.000000'),
(18, '', 'loloo88@hotmail.com', 'lolyat12', 0, '', NULL, '2022-06-14 12:36:04.000000', '2022-06-14 12:36:04.000000'),
(19, '', 'kaka@hotmail.com', 'tarek778', 0, '', NULL, '2022-06-14 12:45:58.000000', '2022-06-14 12:45:58.000000'),
(20, '', 'sss@hotmail.com', 'ss', 0, '', NULL, '2022-06-14 12:47:49.000000', '2022-06-14 12:47:49.000000'),
(21, '', 'tarek9988@hotmail.com', 'abgassem7', 0, '', NULL, '2022-06-14 17:55:35.000000', '2022-06-14 17:55:35.000000'),
(22, '', 'alaa33@hotmail.com', 'aa', 0, '', NULL, '2022-06-15 11:53:27.000000', '2022-06-15 11:53:27.000000'),
(23, '', 'alaa333@hotmail.com', 'aaa', 0, '', NULL, '2022-06-15 11:54:05.000000', '2022-06-15 11:54:05.000000'),
(26, '', 'n@n.n', 'a', 0, '', NULL, '2022-06-21 18:50:23.000000', '2022-06-21 18:50:23.000000'),
(25, '', 'T9@hotmail.com', 'tarek99', 93000, '', NULL, '2022-06-23 15:14:08.000000', '2022-06-20 12:18:47.000000'),
(27, '', 'n@n.nb', 'a', 0, '', NULL, '2022-06-21 18:58:45.000000', '2022-06-21 18:58:45.000000');
COMMIT;

/*!40101 SET CHARACTER_SET_CLIENT=@OLD_CHARACTER_SET_CLIENT */;
/*!40101 SET CHARACTER_SET_RESULTS=@OLD_CHARACTER_SET_RESULTS */;
/*!40101 SET COLLATION_CONNECTION=@OLD_COLLATION_CONNECTION */;
